"word","pos","level","source"
"a","indefinite article","A1","Oxford 3000"
"about","adverb","A1","Oxford 3000"
"about","preposition","A1","Oxford 3000"
"above","adverb","A1","Oxford 3000"
"above","preposition","A1","Oxford 3000"
"across","adverb","A1","Oxford 3000"
"across","preposition","A1","Oxford 3000"
"action","noun","A1","Oxford 3000"
"activity","noun","A1","Oxford 3000"
"actor","noun","A1","Oxford 3000"
"actress","noun","A1","Oxford 3000"
"add","verb","A1","Oxford 3000"
"address","noun","A1","Oxford 3000"
"adult","noun","A1","Oxford 3000"
"advice","noun","A1","Oxford 3000"
"afraid","adjective","A1","Oxford 3000"
"after","preposition","A1","Oxford 3000"
"afternoon","noun","A1","Oxford 3000"
"again","adverb","A1","Oxford 3000"
"age","noun","A1","Oxford 3000"
"ago","adverb","A1","Oxford 3000"
"agree","verb","A1","Oxford 3000"
"air","noun","A1","Oxford 3000"
"airport","noun","A1","Oxford 3000"
"all","determiner","A1","Oxford 3000"
"all","pronoun","A1","Oxford 3000"
"also","adverb","A1","Oxford 3000"
"always","adverb","A1","Oxford 3000"
"amazing","adjective","A1","Oxford 3000"
"and","conjunction","A1","Oxford 3000"
"angry","adjective","A1","Oxford 3000"
"animal","noun","A1","Oxford 3000"
"another","determiner","A1","Oxford 3000"
"another","pronoun","A1","Oxford 3000"
"answer","noun","A1","Oxford 3000"
"answer","verb","A1","Oxford 3000"
"any","determiner","A1","Oxford 3000"
"any","pronoun","A1","Oxford 3000"
"anyone","pronoun","A1","Oxford 3000"
"anything","pronoun","A1","Oxford 3000"
"apartment","noun","A1","Oxford 3000"
"apple","noun","A1","Oxford 3000"
"april","noun","A1","Oxford 3000"
"area","noun","A1","Oxford 3000"
"arm","noun","A1","Oxford 3000"
"around","adverb","A1","Oxford 3000"
"around","preposition","A1","Oxford 3000"
"arrive","verb","A1","Oxford 3000"
"art","noun","A1","Oxford 3000"
"article","noun","A1","Oxford 3000"
"artist","noun","A1","Oxford 3000"
"as","preposition","A1","Oxford 3000"
"ask","verb","A1","Oxford 3000"
"at","preposition","A1","Oxford 3000"
"august","noun","A1","Oxford 3000"
"aunt","noun","A1","Oxford 3000"
"autumn","noun","A1","Oxford 3000"
"away","adverb","A1","Oxford 3000"
"baby","noun","A1","Oxford 3000"
"back","adverb","A1","Oxford 3000"
"back","noun","A1","Oxford 3000"
"bad","adjective","A1","Oxford 3000"
"bag","noun","A1","Oxford 3000"
"ball","noun","A1","Oxford 3000"
"banana","noun","A1","Oxford 3000"
"band","noun","A1","Oxford 3000"
"bank","noun","A1","Oxford 3000"
"bath","noun","A1","Oxford 3000"
"bathroom","noun","A1","Oxford 3000"
"be","auxiliary verb","A1","Oxford 3000"
"be","verb","A1","Oxford 3000"
"beach","noun","A1","Oxford 3000"
"beautiful","adjective","A1","Oxford 3000"
"because","conjunction","A1","Oxford 3000"
"become","verb","A1","Oxford 3000"
"bed","noun","A1","Oxford 3000"
"bedroom","noun","A1","Oxford 3000"
"beer","noun","A1","Oxford 3000"
"before","preposition","A1","Oxford 3000"
"begin","verb","A1","Oxford 3000"
"beginning","noun","A1","Oxford 3000"
"behind","adverb","A1","Oxford 3000"
"behind","preposition","A1","Oxford 3000"
"believe","verb","A1","Oxford 3000"
"below","adverb","A1","Oxford 3000"
"below","preposition","A1","Oxford 3000"
"best","adjective","A1","Oxford 3000"
"better","adjective","A1","Oxford 3000"
"between","preposition","A1","Oxford 3000"
"bicycle","noun","A1","Oxford 3000"
"big","adjective","A1","Oxford 3000"
"bike","noun","A1","Oxford 3000"
"bill","noun","A1","Oxford 3000"
"bird","noun","A1","Oxford 3000"
"birthday","noun","A1","Oxford 3000"
"black","adjective","A1","Oxford 3000"
"black","noun","A1","Oxford 3000"
"blog","noun","A1","Oxford 3000"
"blonde","adjective","A1","Oxford 3000"
"blue","adjective","A1","Oxford 3000"
"blue","noun","A1","Oxford 3000"
"boat","noun","A1","Oxford 3000"
"body","noun","A1","Oxford 3000"
"book","noun","A1","Oxford 3000"
"boot","noun","A1","Oxford 3000"
"bored","adjective","A1","Oxford 3000"
"boring","adjective","A1","Oxford 3000"
"born","verb","A1","Oxford 3000"
"both","determiner","A1","Oxford 3000"
"both","pronoun","A1","Oxford 3000"
"bottle","noun","A1","Oxford 3000"
"box","noun","A1","Oxford 3000"
"boy","noun","A1","Oxford 3000"
"boyfriend","noun","A1","Oxford 3000"
"bread","noun","A1","Oxford 3000"
"break","noun","A1","Oxford 3000"
"break","verb","A1","Oxford 3000"
"breakfast","noun","A1","Oxford 3000"
"bring","verb","A1","Oxford 3000"
"brother","noun","A1","Oxford 3000"
"brown","adjective","A1","Oxford 3000"
"brown","noun","A1","Oxford 3000"
"build","verb","A1","Oxford 3000"
"building","noun","A1","Oxford 3000"
"bus","noun","A1","Oxford 3000"
"business","noun","A1","Oxford 3000"
"busy","adjective","A1","Oxford 3000"
"but","conjunction","A1","Oxford 3000"
"butter","noun","A1","Oxford 3000"
"buy","verb","A1","Oxford 3000"
"by","preposition","A1","Oxford 3000"
"bye","exclamation","A1","Oxford 3000"
"cafe","noun","A1","Oxford 3000"
"cake","noun","A1","Oxford 3000"
"call","noun","A1","Oxford 3000"
"call","verb","A1","Oxford 3000"
"camera","noun","A1","Oxford 3000"
"can","modal verb","A1","Oxford 3000"
"cannot","modal verb","A1","Oxford 3000"
"capital","adjective","A1","Oxford 3000"
"capital","noun","A1","Oxford 3000"
"car","noun","A1","Oxford 3000"
"card","noun","A1","Oxford 3000"
"career","noun","A1","Oxford 3000"
"carrot","noun","A1","Oxford 3000"
"carry","verb","A1","Oxford 3000"
"cat","noun","A1","Oxford 3000"
"cd","noun","A1","Oxford 3000"
"cent","noun","A1","Oxford 3000"
"centre","noun","A1","Oxford 3000"
"century","noun","A1","Oxford 3000"
"chair","noun","A1","Oxford 3000"
"change","noun","A1","Oxford 3000"
"change","verb","A1","Oxford 3000"
"chart","noun","A1","Oxford 3000"
"cheap","adjective","A1","Oxford 3000"
"check","verb","A1","Oxford 3000"
"cheese","noun","A1","Oxford 3000"
"chicken","noun","A1","Oxford 3000"
"child","noun","A1","Oxford 3000"
"chocolate","noun","A1","Oxford 3000"
"choose","verb","A1","Oxford 3000"
"cinema","noun","A1","Oxford 3000"
"city","noun","A1","Oxford 3000"
"class","noun","A1","Oxford 3000"
"classroom","noun","A1","Oxford 3000"
"clean","adjective","A1","Oxford 3000"
"clean","verb","A1","Oxford 3000"
"climb","verb","A1","Oxford 3000"
"clock","noun","A1","Oxford 3000"
"close","verb","A1","Oxford 3000"
"clothes","noun","A1","Oxford 3000"
"club","noun","A1","Oxford 3000"
"coat","noun","A1","Oxford 3000"
"coffee","noun","A1","Oxford 3000"
"cold","adjective","A1","Oxford 3000"
"cold","noun","A1","Oxford 3000"
"college","noun","A1","Oxford 3000"
"colour","noun","A1","Oxford 3000"
"come","verb","A1","Oxford 3000"
"common","adjective","A1","Oxford 3000"
"company","noun","A1","Oxford 3000"
"compare","verb","A1","Oxford 3000"
"complete","adjective","A1","Oxford 3000"
"complete","verb","A1","Oxford 3000"
"computer","noun","A1","Oxford 3000"
"concert","noun","A1","Oxford 3000"
"conversation","noun","A1","Oxford 3000"
"cook","verb","A1","Oxford 3000"
"cooking","noun","A1","Oxford 3000"
"cool","adjective","A1","Oxford 3000"
"correct","adjective","A1","Oxford 3000"
"correct","verb","A1","Oxford 3000"
"cost","noun","A1","Oxford 3000"
"cost","verb","A1","Oxford 3000"
"could","modal verb","A1","Oxford 3000"
"country","noun","A1","Oxford 3000"
"course","noun","A1","Oxford 3000"
"cousin","noun","A1","Oxford 3000"
"cow","noun","A1","Oxford 3000"
"cream","noun","A1","Oxford 3000"
"create","verb","A1","Oxford 3000"
"culture","noun","A1","Oxford 3000"
"cup","noun","A1","Oxford 3000"
"customer","noun","A1","Oxford 3000"
"cut","verb","A1","Oxford 3000"
"dad","noun","A1","Oxford 3000"
"dance","noun","A1","Oxford 3000"
"dance","verb","A1","Oxford 3000"
"dancer","noun","A1","Oxford 3000"
"dancing","noun","A1","Oxford 3000"
"dangerous","adjective","A1","Oxford 3000"
"dark","adjective","A1","Oxford 3000"
"date","noun","A1","Oxford 3000"
"daughter","noun","A1","Oxford 3000"
"day","noun","A1","Oxford 3000"
"dear","adjective","A1","Oxford 3000"
"december","noun","A1","Oxford 3000"
"decide","verb","A1","Oxford 3000"
"delicious","adjective","A1","Oxford 3000"
"describe","verb","A1","Oxford 3000"
"description","noun","A1","Oxford 3000"
"design","noun","A1","Oxford 3000"
"design","verb","A1","Oxford 3000"
"desk","noun","A1","Oxford 3000"
"detail","noun","A1","Oxford 3000"
"dialogue","noun","A1","Oxford 3000"
"dictionary","noun","A1","Oxford 3000"
"die","verb","A1","Oxford 3000"
"diet","noun","A1","Oxford 3000"
"difference","noun","A1","Oxford 3000"
"different","adjective","A1","Oxford 3000"
"difficult","adjective","A1","Oxford 3000"
"dinner","noun","A1","Oxford 3000"
"dirty","adjective","A1","Oxford 3000"
"discuss","verb","A1","Oxford 3000"
"dish","noun","A1","Oxford 3000"
"do","auxiliary verb","A1","Oxford 3000"
"do","verb","A1","Oxford 3000"
"doctor","noun","A1","Oxford 3000"
"dog","noun","A1","Oxford 3000"
"dollar","noun","A1","Oxford 3000"
"door","noun","A1","Oxford 3000"
"down","adverb","A1","Oxford 3000"
"down","preposition","A1","Oxford 3000"
"downstairs","adverb","A1","Oxford 3000"
"draw","verb","A1","Oxford 3000"
"dress","noun","A1","Oxford 3000"
"dress","verb","A1","Oxford 3000"
"drink","noun","A1","Oxford 3000"
"drink","verb","A1","Oxford 3000"
"drive","verb","A1","Oxford 3000"
"driver","noun","A1","Oxford 3000"
"during","preposition","A1","Oxford 3000"
"dvd","noun","A1","Oxford 3000"
"each","adverb","A1","Oxford 3000"
"each","determiner","A1","Oxford 3000"
"each","pronoun","A1","Oxford 3000"
"ear","noun","A1","Oxford 3000"
"early","adjective","A1","Oxford 3000"
"early","adverb","A1","Oxford 3000"
"east","adjective","A1","Oxford 3000"
"east","adverb","A1","Oxford 3000"
"east","noun","A1","Oxford 3000"
"easy","adjective","A1","Oxford 3000"
"eat","verb","A1","Oxford 3000"
"egg","noun","A1","Oxford 3000"
"eight","number","A1","Oxford 3000"
"eighteen","number","A1","Oxford 3000"
"eighty","number","A1","Oxford 3000"
"elephant","noun","A1","Oxford 3000"
"eleven","number","A1","Oxford 3000"
"else","adverb","A1","Oxford 3000"
"email","noun","A1","Oxford 3000"
"email","verb","A1","Oxford 3000"
"end","noun","A1","Oxford 3000"
"end","verb","A1","Oxford 3000"
"enjoy","verb","A1","Oxford 3000"
"enough","adverb","A1","Oxford 3000"
"enough","determiner","A1","Oxford 3000"
"enough","pronoun","A1","Oxford 3000"
"euro","noun","A1","Oxford 3000"
"even","adverb","A1","Oxford 3000"
"evening","noun","A1","Oxford 3000"
"event","noun","A1","Oxford 3000"
"ever","adverb","A1","Oxford 3000"
"every","determiner","A1","Oxford 3000"
"everybody","pronoun","A1","Oxford 3000"
"everyone","pronoun","A1","Oxford 3000"
"everything","pronoun","A1","Oxford 3000"
"exam","noun","A1","Oxford 3000"
"example","noun","A1","Oxford 3000"
"excited","adjective","A1","Oxford 3000"
"exciting","adjective","A1","Oxford 3000"
"exercise","noun","A1","Oxford 3000"
"exercise","verb","A1","Oxford 3000"
"expensive","adjective","A1","Oxford 3000"
"explain","verb","A1","Oxford 3000"
"extra","adjective","A1","Oxford 3000"
"eye","noun","A1","Oxford 3000"
"face","noun","A1","Oxford 3000"
"fact","noun","A1","Oxford 3000"
"fall","verb","A1","Oxford 3000"
"false","adjective","A1","Oxford 3000"
"family","adjective","A1","Oxford 3000"
"family","noun","A1","Oxford 3000"
"famous","adjective","A1","Oxford 3000"
"fantastic","adjective","A1","Oxford 3000"
"far","adverb","A1","Oxford 3000"
"farm","noun","A1","Oxford 3000"
"farmer","noun","A1","Oxford 3000"
"fast","adjective","A1","Oxford 3000"
"fast","adverb","A1","Oxford 3000"
"fat","adjective","A1","Oxford 3000"
"father","noun","A1","Oxford 3000"
"favourite","adjective","A1","Oxford 3000"
"favourite","noun","A1","Oxford 3000"
"february","noun","A1","Oxford 3000"
"feel","verb","A1","Oxford 3000"
"feeling","noun","A1","Oxford 3000"
"festival","noun","A1","Oxford 3000"
"few","adjective","A1","Oxford 3000"
"few","determiner","A1","Oxford 3000"
"few","pronoun","A1","Oxford 3000"
"fifteen","number","A1","Oxford 3000"
"fifth","ordinal number","A1","Oxford 3000"
"fifty","number","A1","Oxford 3000"
"fill","verb","A1","Oxford 3000"
"film","noun","A1","Oxford 3000"
"final","adjective","A1","Oxford 3000"
"find","verb","A1","Oxford 3000"
"fine","adjective","A1","Oxford 3000"
"finish","verb","A1","Oxford 3000"
"fire","noun","A1","Oxford 3000"
"first","adverb","A1","Oxford 3000"
"first","determiner","A1","Oxford 3000"
"first","ordinal number","A1","Oxford 3000"
"fish","noun","A1","Oxford 3000"
"five","number","A1","Oxford 3000"
"flat","noun","A1","Oxford 3000"
"flight","noun","A1","Oxford 3000"
"floor","noun","A1","Oxford 3000"
"flower","noun","A1","Oxford 3000"
"fly","verb","A1","Oxford 3000"
"follow","verb","A1","Oxford 3000"
"food","noun","A1","Oxford 3000"
"foot","noun","A1","Oxford 3000"
"football","noun","A1","Oxford 3000"
"for","preposition","A1","Oxford 3000"
"forget","verb","A1","Oxford 3000"
"form","noun","A1","Oxford 3000"
"form","verb","A1","Oxford 3000"
"forty","number","A1","Oxford 3000"
"four","number","A1","Oxford 3000"
"fourteen","number","A1","Oxford 3000"
"fourth","ordinal number","A1","Oxford 3000"
"free","adjective","A1","Oxford 3000"
"friday","noun","A1","Oxford 3000"
"friend","noun","A1","Oxford 3000"
"friendly","adjective","A1","Oxford 3000"
"from","preposition","A1","Oxford 3000"
"front","adjective","A1","Oxford 3000"
"front","noun","A1","Oxford 3000"
"fruit","noun","A1","Oxford 3000"
"full","adjective","A1","Oxford 3000"
"fun","noun","A1","Oxford 3000"
"funny","adjective","A1","Oxford 3000"
"future","noun","A1","Oxford 3000"
"game","noun","A1","Oxford 3000"
"garden","noun","A1","Oxford 3000"
"geography","noun","A1","Oxford 3000"
"get","verb","A1","Oxford 3000"
"girl","noun","A1","Oxford 3000"
"girlfriend","noun","A1","Oxford 3000"
"give","verb","A1","Oxford 3000"
"glass","noun","A1","Oxford 3000"
"go","verb","A1","Oxford 3000"
"good","adjective","A1","Oxford 3000"
"goodbye","exclamation","A1","Oxford 3000"
"goodbye","noun","A1","Oxford 3000"
"grandfather","noun","A1","Oxford 3000"
"grandmother","noun","A1","Oxford 3000"
"grandparent","noun","A1","Oxford 3000"
"great","adjective","A1","Oxford 3000"
"green","adjective","A1","Oxford 3000"
"green","noun","A1","Oxford 3000"
"grey","adjective","A1","Oxford 3000"
"grey","noun","A1","Oxford 3000"
"group","noun","A1","Oxford 3000"
"grow","verb","A1","Oxford 3000"
"guess","noun","A1","Oxford 3000"
"guess","verb","A1","Oxford 3000"
"guitar","noun","A1","Oxford 3000"
"gym","noun","A1","Oxford 3000"
"hair","noun","A1","Oxford 3000"
"half","determiner","A1","Oxford 3000"
"half","noun","A1","Oxford 3000"
"half","pronoun","A1","Oxford 3000"
"hand","noun","A1","Oxford 3000"
"happen","verb","A1","Oxford 3000"
"happy","adjective","A1","Oxford 3000"
"hard","adjective","A1","Oxford 3000"
"hard","adverb","A1","Oxford 3000"
"hat","noun","A1","Oxford 3000"
"hate","verb","A1","Oxford 3000"
"have","verb","A1","Oxford 3000"
"have to","modal verb","A1","Oxford 3000"
"he","pronoun","A1","Oxford 3000"
"head","noun","A1","Oxford 3000"
"health","noun","A1","Oxford 3000"
"healthy","adjective","A1","Oxford 3000"
"hear","verb","A1","Oxford 3000"
"hello","exclamation","A1","Oxford 3000"
"hello","noun","A1","Oxford 3000"
"help","noun","A1","Oxford 3000"
"help","verb","A1","Oxford 3000"
"her","determiner","A1","Oxford 3000"
"her","pronoun","A1","Oxford 3000"
"here","adverb","A1","Oxford 3000"
"hey","exclamation","A1","Oxford 3000"
"hi","exclamation","A1","Oxford 3000"
"high","adjective","A1","Oxford 3000"
"him","pronoun","A1","Oxford 3000"
"his","determiner","A1","Oxford 3000"
"history","noun","A1","Oxford 3000"
"hobby","noun","A1","Oxford 3000"
"holiday","noun","A1","Oxford 3000"
"home","adverb","A1","Oxford 3000"
"home","noun","A1","Oxford 3000"
"homework","noun","A1","Oxford 3000"
"hope","verb","A1","Oxford 3000"
"horse","noun","A1","Oxford 3000"
"hospital","noun","A1","Oxford 3000"
"hot","adjective","A1","Oxford 3000"
"hotel","noun","A1","Oxford 3000"
"hour","noun","A1","Oxford 3000"
"house","noun","A1","Oxford 3000"
"how","adverb","A1","Oxford 3000"
"however","adverb","A1","Oxford 3000"
"hundred","number","A1","Oxford 3000"
"hungry","adjective","A1","Oxford 3000"
"husband","noun","A1","Oxford 3000"
"i","pronoun","A1","Oxford 3000"
"ice","noun","A1","Oxford 3000"
"ice cream","noun","A1","Oxford 3000"
"idea","noun","A1","Oxford 3000"
"if","conjunction","A1","Oxford 3000"
"imagine","verb","A1","Oxford 3000"
"important","adjective","A1","Oxford 3000"
"improve","verb","A1","Oxford 3000"
"in","adverb","A1","Oxford 3000"
"in","preposition","A1","Oxford 3000"
"include","verb","A1","Oxford 3000"
"information","noun","A1","Oxford 3000"
"interest","noun","A1","Oxford 3000"
"interest","verb","A1","Oxford 3000"
"interested","adjective","A1","Oxford 3000"
"interesting","adjective","A1","Oxford 3000"
"internet","noun","A1","Oxford 3000"
"interview","noun","A1","Oxford 3000"
"interview","verb","A1","Oxford 3000"
"into","preposition","A1","Oxford 3000"
"introduce","verb","A1","Oxford 3000"
"island","noun","A1","Oxford 3000"
"it","pronoun","A1","Oxford 3000"
"its","determiner","A1","Oxford 3000"
"jacket","noun","A1","Oxford 3000"
"january","noun","A1","Oxford 3000"
"jeans","noun","A1","Oxford 3000"
"job","noun","A1","Oxford 3000"
"join","verb","A1","Oxford 3000"
"journey","noun","A1","Oxford 3000"
"juice","noun","A1","Oxford 3000"
"july","noun","A1","Oxford 3000"
"june","noun","A1","Oxford 3000"
"just","adverb","A1","Oxford 3000"
"keep","verb","A1","Oxford 3000"
"key","adjective","A1","Oxford 3000"
"key","noun","A1","Oxford 3000"
"kilometre","noun","A1","Oxford 3000"
"kind","noun","A1","Oxford 3000"
"kitchen","noun","A1","Oxford 3000"
"know","verb","A1","Oxford 3000"
"land","noun","A1","Oxford 3000"
"language","noun","A1","Oxford 3000"
"large","adjective","A1","Oxford 3000"
"last","determiner","A1","Oxford 3000"
"late","adjective","A1","Oxford 3000"
"late","adverb","A1","Oxford 3000"
"later","adverb","A1","Oxford 3000"
"laugh","noun","A1","Oxford 3000"
"laugh","verb","A1","Oxford 3000"
"learn","verb","A1","Oxford 3000"
"leave","verb","A1","Oxford 3000"
"left","adjective","A1","Oxford 3000"
"left","adverb","A1","Oxford 3000"
"left","noun","A1","Oxford 3000"
"leg","noun","A1","Oxford 3000"
"lesson","noun","A1","Oxford 3000"
"let","verb","A1","Oxford 3000"
"letter","noun","A1","Oxford 3000"
"library","noun","A1","Oxford 3000"
"lie","verb","A1","Oxford 3000"
"life","noun","A1","Oxford 3000"
"light","adjective","A1","Oxford 3000"
"light","noun","A1","Oxford 3000"
"like","preposition","A1","Oxford 3000"
"like","verb","A1","Oxford 3000"
"line","noun","A1","Oxford 3000"
"lion","noun","A1","Oxford 3000"
"list","noun","A1","Oxford 3000"
"list","verb","A1","Oxford 3000"
"listen","verb","A1","Oxford 3000"
"little","adjective","A1","Oxford 3000"
"little","determiner","A1","Oxford 3000"
"little","pronoun","A1","Oxford 3000"
"live","verb","A1","Oxford 3000"
"local","adjective","A1","Oxford 3000"
"long","adjective","A1","Oxford 3000"
"long","adverb","A1","Oxford 3000"
"look","verb","A1","Oxford 3000"
"lose","verb","A1","Oxford 3000"
"lot","adverb","A1","Oxford 3000"
"lot","determiner","A1","Oxford 3000"
"lot","pronoun","A1","Oxford 3000"
"love","noun","A1","Oxford 3000"
"love","verb","A1","Oxford 3000"
"lunch","noun","A1","Oxford 3000"
"machine","noun","A1","Oxford 3000"
"magazine","noun","A1","Oxford 3000"
"main","adjective","A1","Oxford 3000"
"make","verb","A1","Oxford 3000"
"man","noun","A1","Oxford 3000"
"many","determiner","A1","Oxford 3000"
"many","pronoun","A1","Oxford 3000"
"map","noun","A1","Oxford 3000"
"march","noun","A1","Oxford 3000"
"market","noun","A1","Oxford 3000"
"married","adjective","A1","Oxford 3000"
"match","noun","A1","Oxford 3000"
"match","verb","A1","Oxford 3000"
"may","noun","A1","Oxford 3000"
"maybe","adverb","A1","Oxford 3000"
"me","pronoun","A1","Oxford 3000"
"meal","noun","A1","Oxford 3000"
"mean","verb","A1","Oxford 3000"
"meaning","noun","A1","Oxford 3000"
"meat","noun","A1","Oxford 3000"
"meet","verb","A1","Oxford 3000"
"meeting","noun","A1","Oxford 3000"
"member","noun","A1","Oxford 3000"
"menu","noun","A1","Oxford 3000"
"message","noun","A1","Oxford 3000"
"metre","noun","A1","Oxford 3000"
"midnight","noun","A1","Oxford 3000"
"mile","noun","A1","Oxford 3000"
"milk","noun","A1","Oxford 3000"
"million","number","A1","Oxford 3000"
"minute","noun","A1","Oxford 3000"
"miss","verb","A1","Oxford 3000"
"mistake","noun","A1","Oxford 3000"
"model","noun","A1","Oxford 3000"
"modern","adjective","A1","Oxford 3000"
"moment","noun","A1","Oxford 3000"
"monday","noun","A1","Oxford 3000"
"money","noun","A1","Oxford 3000"
"month","noun","A1","Oxford 3000"
"more","adverb","A1","Oxford 3000"
"more","determiner","A1","Oxford 3000"
"more","pronoun","A1","Oxford 3000"
"morning","noun","A1","Oxford 3000"
"most","adverb","A1","Oxford 3000"
"most","determiner","A1","Oxford 3000"
"most","pronoun","A1","Oxford 3000"
"mother","noun","A1","Oxford 3000"
"mountain","noun","A1","Oxford 3000"
"mouse","noun","A1","Oxford 3000"
"mouth","noun","A1","Oxford 3000"
"move","verb","A1","Oxford 3000"
"movie","noun","A1","Oxford 3000"
"much","adverb","A1","Oxford 3000"
"much","determiner","A1","Oxford 3000"
"much","pronoun","A1","Oxford 3000"
"mum","noun","A1","Oxford 3000"
"museum","noun","A1","Oxford 3000"
"music","noun","A1","Oxford 3000"
"must","modal verb","A1","Oxford 3000"
"my","determiner","A1","Oxford 3000"
"name","noun","A1","Oxford 3000"
"name","verb","A1","Oxford 3000"
"natural","adjective","A1","Oxford 3000"
"near","adjective","A1","Oxford 3000"
"near","adverb","A1","Oxford 3000"
"near","preposition","A1","Oxford 3000"
"need","verb","A1","Oxford 3000"
"negative","adjective","A1","Oxford 3000"
"neighbour","noun","A1","Oxford 3000"
"never","adverb","A1","Oxford 3000"
"new","adjective","A1","Oxford 3000"
"news","noun","A1","Oxford 3000"
"newspaper","noun","A1","Oxford 3000"
"next","adjective","A1","Oxford 3000"
"next","adverb","A1","Oxford 3000"
"next to","preposition","A1","Oxford 3000"
"nice","adjective","A1","Oxford 3000"
"night","noun","A1","Oxford 3000"
"nine","number","A1","Oxford 3000"
"nineteen","number","A1","Oxford 3000"
"ninety","number","A1","Oxford 3000"
"no","determiner","A1","Oxford 3000"
"no","exclamation","A1","Oxford 3000"
"no one","pronoun","A1","Oxford 3000"
"nobody","pronoun","A1","Oxford 3000"
"north","adjective","A1","Oxford 3000"
"north","adverb","A1","Oxford 3000"
"north","noun","A1","Oxford 3000"
"nose","noun","A1","Oxford 3000"
"not","adverb","A1","Oxford 3000"
"note","noun","A1","Oxford 3000"
"nothing","pronoun","A1","Oxford 3000"
"november","noun","A1","Oxford 3000"
"now","adverb","A1","Oxford 3000"
"number","noun","A1","Oxford 3000"
"nurse","noun","A1","Oxford 3000"
"object","noun","A1","Oxford 3000"
"o'clock","adverb","A1","Oxford 3000"
"october","noun","A1","Oxford 3000"
"of","preposition","A1","Oxford 3000"
"off","adverb","A1","Oxford 3000"
"off","preposition","A1","Oxford 3000"
"office","noun","A1","Oxford 3000"
"often","adverb","A1","Oxford 3000"
"oh","exclamation","A1","Oxford 3000"
"ok","adjective","A1","Oxford 3000"
"ok","adverb","A1","Oxford 3000"
"ok","exclamation","A1","Oxford 3000"
"old","adjective","A1","Oxford 3000"
"on","adverb","A1","Oxford 3000"
"on","preposition","A1","Oxford 3000"
"once","adverb","A1","Oxford 3000"
"one","determiner","A1","Oxford 3000"
"one","number","A1","Oxford 3000"
"one","pronoun","A1","Oxford 3000"
"onion","noun","A1","Oxford 3000"
"online","adjective","A1","Oxford 3000"
"online","adverb","A1","Oxford 3000"
"only","adjective","A1","Oxford 3000"
"only","adverb","A1","Oxford 3000"
"open","adjective","A1","Oxford 3000"
"open","verb","A1","Oxford 3000"
"opinion","noun","A1","Oxford 3000"
"opposite","adjective","A1","Oxford 3000"
"opposite","adverb","A1","Oxford 3000"
"opposite","noun","A1","Oxford 3000"
"opposite","preposition","A1","Oxford 3000"
"or","conjunction","A1","Oxford 3000"
"orange","adjective","A1","Oxford 3000"
"orange","noun","A1","Oxford 3000"
"order","noun","A1","Oxford 3000"
"order","verb","A1","Oxford 3000"
"other","adjective","A1","Oxford 3000"
"other","pronoun","A1","Oxford 3000"
"our","determiner","A1","Oxford 3000"
"out","adverb","A1","Oxford 3000"
"out","preposition","A1","Oxford 3000"
"outside","adverb","A1","Oxford 3000"
"over","adverb","A1","Oxford 3000"
"over","preposition","A1","Oxford 3000"
"own","adjective","A1","Oxford 3000"
"own","pronoun","A1","Oxford 3000"
"page","noun","A1","Oxford 3000"
"paint","noun","A1","Oxford 3000"
"paint","verb","A1","Oxford 3000"
"painting","noun","A1","Oxford 3000"
"pair","noun","A1","Oxford 3000"
"paper","noun","A1","Oxford 3000"
"paragraph","noun","A1","Oxford 3000"
"parent","noun","A1","Oxford 3000"
"park","noun","A1","Oxford 3000"
"park","verb","A1","Oxford 3000"
"part","noun","A1","Oxford 3000"
"partner","noun","A1","Oxford 3000"
"party","noun","A1","Oxford 3000"
"passport","noun","A1","Oxford 3000"
"past","adjective","A1","Oxford 3000"
"past","noun","A1","Oxford 3000"
"past","preposition","A1","Oxford 3000"
"pay","verb","A1","Oxford 3000"
"pen","noun","A1","Oxford 3000"
"pencil","noun","A1","Oxford 3000"
"people","noun","A1","Oxford 3000"
"pepper","noun","A1","Oxford 3000"
"perfect","adjective","A1","Oxford 3000"
"period","noun","A1","Oxford 3000"
"person","noun","A1","Oxford 3000"
"personal","adjective","A1","Oxford 3000"
"phone","noun","A1","Oxford 3000"
"phone","verb","A1","Oxford 3000"
"photo","noun","A1","Oxford 3000"
"photograph","noun","A1","Oxford 3000"
"phrase","noun","A1","Oxford 3000"
"piano","noun","A1","Oxford 3000"
"picture","noun","A1","Oxford 3000"
"piece","noun","A1","Oxford 3000"
"pig","noun","A1","Oxford 3000"
"pink","adjective","A1","Oxford 3000"
"pink","noun","A1","Oxford 3000"
"place","noun","A1","Oxford 3000"
"plan","noun","A1","Oxford 3000"
"plan","verb","A1","Oxford 3000"
"plane","noun","A1","Oxford 3000"
"plant","noun","A1","Oxford 3000"
"play","noun","A1","Oxford 3000"
"play","verb","A1","Oxford 3000"
"player","noun","A1","Oxford 3000"
"please","exclamation","A1","Oxford 3000"
"point","noun","A1","Oxford 3000"
"police","noun","A1","Oxford 3000"
"policeman","noun","A1","Oxford 3000"
"pool","noun","A1","Oxford 3000"
"poor","adjective","A1","Oxford 3000"
"popular","adjective","A1","Oxford 3000"
"positive","adjective","A1","Oxford 3000"
"possible","adjective","A1","Oxford 3000"
"post","noun","A1","Oxford 3000"
"post","verb","A1","Oxford 3000"
"potato","noun","A1","Oxford 3000"
"pound","noun","A1","Oxford 3000"
"practice","noun","A1","Oxford 3000"
"practise","verb","A1","Oxford 3000"
"prefer","verb","A1","Oxford 3000"
"prepare","verb","A1","Oxford 3000"
"present","adjective","A1","Oxford 3000"
"present","noun","A1","Oxford 3000"
"pretty","adjective","A1","Oxford 3000"
"pretty","adverb","A1","Oxford 3000"
"price","noun","A1","Oxford 3000"
"probably","adverb","A1","Oxford 3000"
"problem","noun","A1","Oxford 3000"
"product","noun","A1","Oxford 3000"
"programme","noun","A1","Oxford 3000"
"project","noun","A1","Oxford 3000"
"purple","adjective","A1","Oxford 3000"
"purple","noun","A1","Oxford 3000"
"put","verb","A1","Oxford 3000"
"quarter","noun","A1","Oxford 3000"
"question","noun","A1","Oxford 3000"
"quick","adjective","A1","Oxford 3000"
"quickly","adverb","A1","Oxford 3000"
"quiet","adjective","A1","Oxford 3000"
"quite","adverb","A1","Oxford 3000"
"radio","noun","A1","Oxford 3000"
"rain","noun","A1","Oxford 3000"
"rain","verb","A1","Oxford 3000"
"read","verb","A1","Oxford 3000"
"reader","noun","A1","Oxford 3000"
"reading","noun","A1","Oxford 3000"
"ready","adjective","A1","Oxford 3000"
"real","adjective","A1","Oxford 3000"
"really","adverb","A1","Oxford 3000"
"reason","noun","A1","Oxford 3000"
"red","adjective","A1","Oxford 3000"
"red","noun","A1","Oxford 3000"
"relax","verb","A1","Oxford 3000"
"remember","verb","A1","Oxford 3000"
"repeat","verb","A1","Oxford 3000"
"report","noun","A1","Oxford 3000"
"restaurant","noun","A1","Oxford 3000"
"result","noun","A1","Oxford 3000"
"return","noun","A1","Oxford 3000"
"return","verb","A1","Oxford 3000"
"rice","noun","A1","Oxford 3000"
"rich","adjective","A1","Oxford 3000"
"ride","verb","A1","Oxford 3000"
"right","adjective","A1","Oxford 3000"
"right","adverb","A1","Oxford 3000"
"right","noun","A1","Oxford 3000"
"river","noun","A1","Oxford 3000"
"road","noun","A1","Oxford 3000"
"room","noun","A1","Oxford 3000"
"routine","noun","A1","Oxford 3000"
"rule","noun","A1","Oxford 3000"
"run","verb","A1","Oxford 3000"
"sad","adjective","A1","Oxford 3000"
"salad","noun","A1","Oxford 3000"
"salt","noun","A1","Oxford 3000"
"same","adjective","A1","Oxford 3000"
"same","adverb","A1","Oxford 3000"
"same","pronoun","A1","Oxford 3000"
"sandwich","noun","A1","Oxford 3000"
"saturday","noun","A1","Oxford 3000"
"say","verb","A1","Oxford 3000"
"school","noun","A1","Oxford 3000"
"science","noun","A1","Oxford 3000"
"scientist","noun","A1","Oxford 3000"
"sea","noun","A1","Oxford 3000"
"second","determiner","A1","Oxford 3000"
"second","noun","A1","Oxford 3000"
"second","ordinal number","A1","Oxford 3000"
"section","noun","A1","Oxford 3000"
"see","verb","A1","Oxford 3000"
"sell","verb","A1","Oxford 3000"
"send","verb","A1","Oxford 3000"
"sentence","noun","A1","Oxford 3000"
"september","noun","A1","Oxford 3000"
"seven","number","A1","Oxford 3000"
"seventeen","number","A1","Oxford 3000"
"seventy","number","A1","Oxford 3000"
"share","verb","A1","Oxford 3000"
"she","pronoun","A1","Oxford 3000"
"sheep","noun","A1","Oxford 3000"
"shirt","noun","A1","Oxford 3000"
"shoe","noun","A1","Oxford 3000"
"shop","noun","A1","Oxford 3000"
"shop","verb","A1","Oxford 3000"
"shopping","noun","A1","Oxford 3000"
"short","adjective","A1","Oxford 3000"
"should","modal verb","A1","Oxford 3000"
"show","noun","A1","Oxford 3000"
"show","verb","A1","Oxford 3000"
"shower","noun","A1","Oxford 3000"
"sick","adjective","A1","Oxford 3000"
"similar","adjective","A1","Oxford 3000"
"sing","verb","A1","Oxford 3000"
"singer","noun","A1","Oxford 3000"
"sister","noun","A1","Oxford 3000"
"sit","verb","A1","Oxford 3000"
"situation","noun","A1","Oxford 3000"
"six","number","A1","Oxford 3000"
"sixteen","number","A1","Oxford 3000"
"sixty","number","A1","Oxford 3000"
"skill","noun","A1","Oxford 3000"
"skirt","noun","A1","Oxford 3000"
"sleep","verb","A1","Oxford 3000"
"slow","adjective","A1","Oxford 3000"
"small","adjective","A1","Oxford 3000"
"snake","noun","A1","Oxford 3000"
"snow","noun","A1","Oxford 3000"
"snow","verb","A1","Oxford 3000"
"so","adverb","A1","Oxford 3000"
"so","conjunction","A1","Oxford 3000"
"some","determiner","A1","Oxford 3000"
"some","pronoun","A1","Oxford 3000"
"somebody","pronoun","A1","Oxford 3000"
"someone","pronoun","A1","Oxford 3000"
"something","pronoun","A1","Oxford 3000"
"sometimes","adverb","A1","Oxford 3000"
"son","noun","A1","Oxford 3000"
"song","noun","A1","Oxford 3000"
"soon","adverb","A1","Oxford 3000"
"sorry","adjective","A1","Oxford 3000"
"sorry","exclamation","A1","Oxford 3000"
"sound","noun","A1","Oxford 3000"
"sound","verb","A1","Oxford 3000"
"soup","noun","A1","Oxford 3000"
"south","adjective","A1","Oxford 3000"
"south","adverb","A1","Oxford 3000"
"south","noun","A1","Oxford 3000"
"space","noun","A1","Oxford 3000"
"speak","verb","A1","Oxford 3000"
"special","adjective","A1","Oxford 3000"
"spell","verb","A1","Oxford 3000"
"spelling","noun","A1","Oxford 3000"
"spend","verb","A1","Oxford 3000"
"sport","noun","A1","Oxford 3000"
"spring","noun","A1","Oxford 3000"
"stand","verb","A1","Oxford 3000"
"star","noun","A1","Oxford 3000"
"start","verb","A1","Oxford 3000"
"statement","noun","A1","Oxford 3000"
"station","noun","A1","Oxford 3000"
"stay","verb","A1","Oxford 3000"
"still","adverb","A1","Oxford 3000"
"stop","noun","A1","Oxford 3000"
"stop","verb","A1","Oxford 3000"
"story","noun","A1","Oxford 3000"
"street","noun","A1","Oxford 3000"
"strong","adjective","A1","Oxford 3000"
"student","noun","A1","Oxford 3000"
"study","noun","A1","Oxford 3000"
"study","verb","A1","Oxford 3000"
"style","noun","A1","Oxford 3000"
"subject","noun","A1","Oxford 3000"
"success","noun","A1","Oxford 3000"
"sugar","noun","A1","Oxford 3000"
"summer","noun","A1","Oxford 3000"
"sun","noun","A1","Oxford 3000"
"sunday","noun","A1","Oxford 3000"
"supermarket","noun","A1","Oxford 3000"
"sure","adjective","A1","Oxford 3000"
"sweater","noun","A1","Oxford 3000"
"swim","verb","A1","Oxford 3000"
"swimming","noun","A1","Oxford 3000"
"table","noun","A1","Oxford 3000"
"take","verb","A1","Oxford 3000"
"talk","verb","A1","Oxford 3000"
"tall","adjective","A1","Oxford 3000"
"taxi","noun","A1","Oxford 3000"
"tea","noun","A1","Oxford 3000"
"teach","verb","A1","Oxford 3000"
"teacher","noun","A1","Oxford 3000"
"team","noun","A1","Oxford 3000"
"teenager","noun","A1","Oxford 3000"
"telephone","noun","A1","Oxford 3000"
"telephone","verb","A1","Oxford 3000"
"television","noun","A1","Oxford 3000"
"tell","verb","A1","Oxford 3000"
"ten","number","A1","Oxford 3000"
"tennis","noun","A1","Oxford 3000"
"terrible","adjective","A1","Oxford 3000"
"test","noun","A1","Oxford 3000"
"test","verb","A1","Oxford 3000"
"text","noun","A1","Oxford 3000"
"than","conjunction","A1","Oxford 3000"
"than","preposition","A1","Oxford 3000"
"thank","verb","A1","Oxford 3000"
"thanks","exclamation","A1","Oxford 3000"
"thanks","noun","A1","Oxford 3000"
"that","conjunction","A1","Oxford 3000"
"that","determiner","A1","Oxford 3000"
"that","pronoun","A1","Oxford 3000"
"the","definite article","A1","Oxford 3000"
"theatre","noun","A1","Oxford 3000"
"their","determiner","A1","Oxford 3000"
"them","pronoun","A1","Oxford 3000"
"then","adverb","A1","Oxford 3000"
"there","adverb","A1","Oxford 3000"
"they","pronoun","A1","Oxford 3000"
"thing","noun","A1","Oxford 3000"
"think","verb","A1","Oxford 3000"
"third","ordinal number","A1","Oxford 3000"
"thirsty","adjective","A1","Oxford 3000"
"thirteen","number","A1","Oxford 3000"
"thirty","number","A1","Oxford 3000"
"this","determiner","A1","Oxford 3000"
"this","pronoun","A1","Oxford 3000"
"thousand","number","A1","Oxford 3000"
"three","number","A1","Oxford 3000"
"through","adverb","A1","Oxford 3000"
"through","preposition","A1","Oxford 3000"
"thursday","noun","A1","Oxford 3000"
"ticket","noun","A1","Oxford 3000"
"time","noun","A1","Oxford 3000"
"tired","adjective","A1","Oxford 3000"
"title","noun","A1","Oxford 3000"
"to","infinitive marker","A1","Oxford 3000"
"to","preposition","A1","Oxford 3000"
"today","adverb","A1","Oxford 3000"
"today","noun","A1","Oxford 3000"
"together","adverb","A1","Oxford 3000"
"toilet","noun","A1","Oxford 3000"
"tomato","noun","A1","Oxford 3000"
"tomorrow","adverb","A1","Oxford 3000"
"tomorrow","noun","A1","Oxford 3000"
"tonight","adverb","A1","Oxford 3000"
"tonight","noun","A1","Oxford 3000"
"too","adverb","A1","Oxford 3000"
"tooth","noun","A1","Oxford 3000"
"topic","noun","A1","Oxford 3000"
"tourist","noun","A1","Oxford 3000"
"town","noun","A1","Oxford 3000"
"traffic","noun","A1","Oxford 3000"
"train","noun","A1","Oxford 3000"
"travel","noun","A1","Oxford 3000"
"travel","verb","A1","Oxford 3000"
"tree","noun","A1","Oxford 3000"
"trip","noun","A1","Oxford 3000"
"trousers","noun","A1","Oxford 3000"
"true","adjective","A1","Oxford 3000"
"try","verb","A1","Oxford 3000"
"t-shirt","noun","A1","Oxford 3000"
"tuesday","noun","A1","Oxford 3000"
"turn","noun","A1","Oxford 3000"
"turn","verb","A1","Oxford 3000"
"tv","noun","A1","Oxford 3000"
"twelve","number","A1","Oxford 3000"
"twenty","number","A1","Oxford 3000"
"twice","adverb","A1","Oxford 3000"
"two","number","A1","Oxford 3000"
"type","noun","A1","Oxford 3000"
"umbrella","noun","A1","Oxford 3000"
"uncle","noun","A1","Oxford 3000"
"under","adverb","A1","Oxford 3000"
"under","preposition","A1","Oxford 3000"
"understand","verb","A1","Oxford 3000"
"university","noun","A1","Oxford 3000"
"until","conjunction","A1","Oxford 3000"
"until","preposition","A1","Oxford 3000"
"up","adverb","A1","Oxford 3000"
"up","preposition","A1","Oxford 3000"
"upstairs","adverb","A1","Oxford 3000"
"us","pronoun","A1","Oxford 3000"
"use","verb","A1","Oxford 3000"
"useful","adjective","A1","Oxford 3000"
"usually","adverb","A1","Oxford 3000"
"vacation","noun","A1","Oxford 3000"
"vegetable","noun","A1","Oxford 3000"
"very","adverb","A1","Oxford 3000"
"video","noun","A1","Oxford 3000"
"village","noun","A1","Oxford 3000"
"visit","noun","A1","Oxford 3000"
"visit","verb","A1","Oxford 3000"
"visitor","noun","A1","Oxford 3000"
"wait","verb","A1","Oxford 3000"
"waiter","noun","A1","Oxford 3000"
"wake","verb","A1","Oxford 3000"
"walk","noun","A1","Oxford 3000"
"walk","verb","A1","Oxford 3000"
"wall","noun","A1","Oxford 3000"
"want","verb","A1","Oxford 3000"
"warm","adjective","A1","Oxford 3000"
"wash","verb","A1","Oxford 3000"
"watch","noun","A1","Oxford 3000"
"watch","verb","A1","Oxford 3000"
"water","noun","A1","Oxford 3000"
"way","noun","A1","Oxford 3000"
"we","pronoun","A1","Oxford 3000"
"wear","verb","A1","Oxford 3000"
"weather","noun","A1","Oxford 3000"
"website","noun","A1","Oxford 3000"
"wednesday","noun","A1","Oxford 3000"
"week","noun","A1","Oxford 3000"
"weekend","noun","A1","Oxford 3000"
"welcome","adjective","A1","Oxford 3000"
"welcome","exclamation","A1","Oxford 3000"
"welcome","verb","A1","Oxford 3000"
"well","adjective","A1","Oxford 3000"
"well","adverb","A1","Oxford 3000"
"well","exclamation","A1","Oxford 3000"
"west","adjective","A1","Oxford 3000"
"west","adverb","A1","Oxford 3000"
"west","noun","A1","Oxford 3000"
"what","determiner","A1","Oxford 3000"
"what","pronoun","A1","Oxford 3000"
"when","adverb","A1","Oxford 3000"
"when","conjunction","A1","Oxford 3000"
"when","pronoun","A1","Oxford 3000"
"where","adverb","A1","Oxford 3000"
"where","conjunction","A1","Oxford 3000"
"which","determiner","A1","Oxford 3000"
"which","pronoun","A1","Oxford 3000"
"white","adjective","A1","Oxford 3000"
"white","noun","A1","Oxford 3000"
"who","pronoun","A1","Oxford 3000"
"why","adverb","A1","Oxford 3000"
"wife","noun","A1","Oxford 3000"
"will","modal verb","A1","Oxford 3000"
"win","verb","A1","Oxford 3000"
"window","noun","A1","Oxford 3000"
"wine","noun","A1","Oxford 3000"
"winter","noun","A1","Oxford 3000"
"with","preposition","A1","Oxford 3000"
"without","preposition","A1","Oxford 3000"
"woman","noun","A1","Oxford 3000"
"wonderful","adjective","A1","Oxford 3000"
"word","noun","A1","Oxford 3000"
"work","noun","A1","Oxford 3000"
"work","verb","A1","Oxford 3000"
"worker","noun","A1","Oxford 3000"
"world","noun","A1","Oxford 3000"
"would","modal verb","A1","Oxford 3000"
"write","verb","A1","Oxford 3000"
"writer","noun","A1","Oxford 3000"
"writing","noun","A1","Oxford 3000"
"wrong","adjective","A1","Oxford 3000"
"yeah","exclamation","A1","Oxford 3000"
"year","noun","A1","Oxford 3000"
"yellow","adjective","A1","Oxford 3000"
"yellow","noun","A1","Oxford 3000"
"yes","exclamation","A1","Oxford 3000"
"yesterday","adverb","A1","Oxford 3000"
"yesterday","noun","A1","Oxford 3000"
"you","pronoun","A1","Oxford 3000"
"young","adjective","A1","Oxford 3000"
"your","determiner","A1","Oxford 3000"
"yourself","pronoun","A1","Oxford 3000"
